{
  "interfaces": {
    "google.cloud.securitycenter.v1alpha3.SecurityCenter": {
      "retry_codes": {
        "idempotent": [
          "DEADLINE_EXCEEDED",
          "UNAVAILABLE"
        ],
        "non_idempotent": []
      },
      "retry_params": {
        "default": {
          "initial_retry_delay_millis": 100,
          "retry_delay_multiplier": 1.3,
          "max_retry_delay_millis": 60000,
          "initial_rpc_timeout_millis": 20000,
          "rpc_timeout_multiplier": 1.0,
          "max_rpc_timeout_millis": 20000,
          "total_timeout_millis": 600000
        }
      },
      "methods": {
        "SearchAssets": {
          "timeout_millis": 60000,
          "retry_codes_name": "idempotent",
          "retry_params_name": "default"
        },
        "ModifyAsset": {
          "timeout_millis": 60000,
          "retry_codes_name": "idempotent",
          "retry_params_name": "default"
        },
        "SearchFindings": {
          "timeout_millis": 60000,
          "retry_codes_name": "idempotent",
          "retry_params_name": "default"
        },
        "CreateFinding": {
          "timeout_millis": 60000,
          "retry_codes_name": "idempotent",
          "retry_params_name": "default"
        },
        "ModifyFinding": {
          "timeout_millis": 60000,
          "retry_codes_name": "idempotent",
          "retry_params_name": "default"
        }
      }
    }
  }
}
